<?xml version="1.0" encoding="utf-8"?>
<theme id="action" name="Lil' Peepz" cc_theme_id="cc2">
	<background id="ncc_medium.swf" name="Medium Horizoon" enable="Y" default="N" is_premium="N" aid="10712" money="0" sharing="0"/>
	<background id="ncc_low.swf" name="Low Horizoon" enable="Y" default="N" is_premium="N" aid="10800" money="0" sharing="0"/>
	<compositebg id="cbg_living_rm01" name="Living room" enable="Y" default="N" thumb="living_rm01.jpg" display_order="0" is_premium="N" money="0" sharing="0" aid="10713">
	<bg id="cbg_living_rm01_BG43" index="0">
		<file>action.ncc_medium.swf</file>
		<color r="colorA">13295579</color>
		<color r="colorB">8618916</color>
	</bg>
	<prop id="cbg_living_rm01_PROP362" index="3">
		<file>action.backdrop.swf</file>
		<x>425</x>
		<y>112</y>
		<xscale>0.4</xscale>
		<yscale>0.39</yscale>
		<face>1</face>
		<rotation>0</rotation>
	</prop>
	<prop id="cbg_living_rm01_PROP363" index="4">
		<file>action.window_display.swf</file>
		<x>370.6</x>
		<y>69</y>
		<xscale>1.19</xscale>
		<yscale>1.19</yscale>
		<face>1</face>
		<rotation>0</rotation>
	</prop>
	<prop id="cbg_living_rm01_PROP364" index="5">
		<file>action.window_display.swf</file>
		<x>489.4</x>
		<y>69</y>
		<xscale>1.19</xscale>
		<yscale>1.19</yscale>
		<face>1</face>
		<rotation>0</rotation>
	</prop>
	<prop id="cbg_living_rm01_PROP365" index="6">
		<file>action.msp_door01.msp_door01_door01_front_close.swf</file>
		<x>117</x>
		<y>132</y>
		<xscale>0.86</xscale>
		<yscale>0.86</yscale>
		<face>-1</face>
		<rotation>0</rotation>
		<color r="ccColorA">7292976</color>
	</prop>
	<prop id="cbg_living_rm01_PROP366" index="1">
		<file>action.msp_pic01.msp_pic01_pic_front.swf</file>
		<x>250</x>
		<y>86</y>
		<xscale>1</xscale>
		<yscale>1</yscale>
		<face>1</face>
		<rotation>0</rotation>
		<color r="ccColorA">16777215</color>
	</prop>
	<prop id="cbg_living_rm01_PROP367" index="7">
		<file>action.carpet.swf</file>
		<x>332</x>
		<y>302</y>
		<xscale>1.67</xscale>
		<yscale>1.48</yscale>
		<face>1</face>
		<rotation>0</rotation>
		<color r="ccColorA">12768730</color>
		<color r="ccColorB">10053171</color>
	</prop>
	<prop id="cbg_living_rm01_PROP368" index="8">
		<file>action.msp_sofa02.msp_sofa02_sofa02_front.swf</file>
		<x>397</x>
		<y>207.5</y>
		<xscale>1</xscale>
		<yscale>1</yscale>
		<face>1</face>
		<rotation>0</rotation>
		<color r="ccColorA">10066278</color>
	</prop>
	<prop id="cbg_living_rm01_PROP369" index="9">
		<file>action.lamp_floor.swf</file>
		<x>568</x>
		<y>146</y>
		<xscale>1</xscale>
		<yscale>1</yscale>
		<face>1</face>
		<rotation>0</rotation>
		<color r="ccColorA">16777164</color>
		<color r="ccColorB">6697728</color>
	</prop>
	<prop id="cbg_living_rm01_PROP370" index="10">
		<file>action.msp_shelves03.msp_shelves03_bookshelves_front.swf</file>
		<x>212</x>
		<y>347</y>
		<xscale>1</xscale>
		<yscale>1</yscale>
		<face>1</face>
		<rotation>0</rotation>
	</prop>
	<prop id="cbg_living_rm01_PROP371" index="11">
		<file>action.msp_old_tv.msp_old_tv_old_tv_back.swf</file>
		<x>213.1</x>
		<y>268</y>
		<xscale>1</xscale>
		<yscale>1</yscale>
		<face>1</face>
		<rotation>0</rotation>
	</prop>
</compositebg>
	<compositebg id="cbg_street01" name="Street" enable="Y" default="Y" thumb="street01.jpg" display_order="0" is_premium="N" money="0" sharing="0" aid="10801">
	<bg id="cbg_street01_BG3" index="0">
		<file>action.ncc_low.swf</file>
		<color r="colorB">3290175</color>
		<color r="colorA">9672351</color>
	</bg>
	<prop id="cbg_street01_PROP0" index="2">
		<file>action.msp_vending_drink.msp_vending_drink_vending_drink.swf</file>
		<x>80</x>
		<y>184</y>
		<xscale>1</xscale>
		<yscale>1</yscale>
		<face>1</face>
		<rotation>0</rotation>
		<color r="ccColorA">5995069</color>
	</prop>
	<prop id="cbg_street01_PROP3" index="3">
		<file>action.msp_vending_drink.msp_vending_drink_vending_drink.swf</file>
		<x>225</x>
		<y>184</y>
		<xscale>1</xscale>
		<yscale>1</yscale>
		<face>1</face>
		<rotation>0</rotation>
		<color r="ccColorA">9319733</color>
	</prop>
	<prop id="cbg_street01_PROP2" index="4">
		<file>action.bench01.swf</file>
		<x>432</x>
		<y>247</y>
		<xscale>0.85</xscale>
		<yscale>0.85</yscale>
		<face>1</face>
		<rotation>0</rotation>
		<color r="ccColorA">6710886</color>
	</prop>
	<prop id="cbg_street01_PROP8" index="5">
		<file>action.street_lamp.swf</file>
		<x>566</x>
		<y>177</y>
		<xscale>1.7</xscale>
		<yscale>1.77</yscale>
		<face>-1</face>
		<rotation>0</rotation>
	</prop>
</compositebg>
	<prop id="vending_drink.swf" name="Drinks vending machine" holdable="0" placeable="1" wearable="0" facing="left" thumb="" enable="Y" is_premium="N" aid="10797" money="0" sharing="0"/>
	<prop id="bench01.swf" name="Bench" holdable="0" placeable="1" wearable="0" facing="left" thumb="" enable="Y" is_premium="N" aid="10798" money="0" sharing="0"/>
	<prop id="street_lamp.swf" name="Street lamp" holdable="0" placeable="1" wearable="0" facing="left" thumb="" enable="Y" is_premium="N" aid="10799" money="0" sharing="0"/>
	<prop id="backdrop.swf" name="City backdrop" holdable="0" placeable="1" wearable="0" facing="left" thumb="" enable="Y" is_premium="N" aid="10690" money="0" sharing="0"/>
	<prop id="window_display.swf" name="Window" holdable="0" placeable="1" wearable="0" facing="left" thumb="" enable="Y" is_premium="N" aid="10691" money="0" sharing="0"/>
	<prop id="msp_door01" name="Door" holdable="0" placeable="1" wearable="0" facing="left" thumb="msp_door01_door01_front_close.swf" enable="Y" is_premium="N" aid="10692" money="0" sharing="0">
		<state id="msp_door01_door01_front_close.swf" name="front closed" enable="Y" default="Y"/>
		<state id="msp_door01_door01_front_open.swf" name="front open" enable="Y"/>
	</prop>
	<prop id="msp_pic01" name="Picture" holdable="0" placeable="1" wearable="0" facing="left" thumb="msp_pic01_pic_front.swf" enable="Y" is_premium="N" aid="10695" money="0" sharing="0">
		<state id="msp_pic01_pic_front.swf" name="front" enable="Y" default="Y"/>
		<state id="msp_pic01_pic_side.swf" name="side" enable="Y"/>
	</prop>
	<prop id="msp_sofa02" name="sofa" holdable="0" placeable="1" wearable="0" facing="left" thumb="msp_sofa02_sofa02_front.swf" enable="Y" is_premium="N" aid="10698" money="0" sharing="0">
		<state id="msp_sofa02_sofa02_front.swf" name="front" enable="Y" default="Y"/>
		<state id="msp_sofa02_sofa02_side.swf" name="side" enable="Y"/>
	</prop>
	<prop id="lamp_floor.swf" name="Lamp (floor)" holdable="0" placeable="1" wearable="0" facing="left" thumb="" enable="Y" is_premium="N" aid="10701" money="0" sharing="0"/>
	<prop id="msp_shelves03" name="Bookshelves" holdable="0" placeable="1" wearable="0" facing="left" thumb="msp_shelves03_bookshelves_front.swf" enable="Y" is_premium="N" aid="10702" money="0" sharing="0">
		<state id="msp_shelves03_bookshelves_front.swf" name="front" enable="Y" default="Y"/>
		<state id="msp_shelves03_bookshelves_side.swf" name="side" enable="Y"/>
	</prop>
	<prop id="msp_old_tv" name="Old TV" holdable="0" placeable="1" wearable="0" facing="left" thumb="msp_old_tv_old_tv_front.swf" enable="Y" is_premium="N" aid="10705" money="0" sharing="0">
		<state id="msp_old_tv_old_tv_front.swf" name="front" enable="Y" default="Y"/>
		<state id="msp_old_tv_old_tv_front_non.swf" name="front transparent" enable="Y"/>
		<state id="msp_old_tv_old_tv_back.swf" name="back" enable="Y"/>
		<state id="msp_old_tv_old_tv_side.swf" name="side" enable="Y"/>
		<state id="msp_old_tv_old_tv_side_back.swf" name="side back" enable="Y"/>
	</prop>
	<prop id="carpet.swf" name="Carpet" holdable="0" placeable="1" wearable="0" facing="left" thumb="" enable="Y" is_premium="N" aid="10711" money="0" sharing="0"/>
	<prop id="msp_vending_drink" name="Vending machine" holdable="0" placeable="1" wearable="0" facing="left" thumb="msp_vending_drink_vending_drink.swf" enable="Y" is_premium="Y" aid="12172" money="0" sharing="0">
		<state id="msp_vending_drink_vending_drink.swf" name="front" enable="Y" default="Y"/>
		<state id="msp_vending_drink_ncc_vending_drink_side.swf" name="side" enable="Y"/>
	</prop>

	<char id="7251091" name="Man" cc_theme_id="cc2" thumbnail_url="stock_thumbs/7251091.png" copyable="Y">
		<tags>cc2</tags>
	</char>
	<char id="7251127" name="Formal Man" cc_theme_id="cc2" thumbnail_url="stock_thumbs/7251127.png" copyable="Y">
		<tags>cc2</tags>
	</char>
	<char id="7250925" name="Businessman" cc_theme_id="cc2" thumbnail_url="stock_thumbs/7250925.png" copyable="Y">
		<tags>cc2</tags>
	</char>
	<char id="7251049" name="Woman" cc_theme_id="cc2" thumbnail_url="stock_thumbs/7251049.png" copyable="Y">
		<tags>cc2</tags>
	</char>
	<char id="7250882" name="Woman" cc_theme_id="cc2" thumbnail_url="stock_thumbs/7250882.png" copyable="Y">
		<tags>cc2</tags>
	</char>
	<char id="7688954" name="Casual Man" cc_theme_id="cc2" thumbnail_url="stock_thumbs/7688954.png" copyable="Y">
		<tags>cc2</tags>
	</char>
	<char id="5429704" name="Casual Man" cc_theme_id="cc2" thumbnail_url="stock_thumbs/5429704.png" copyable="Y">
		<tags>cc2</tags>
	</char>
	<char id="58879592" name="Casual Woman" cc_theme_id="cc2" thumbnail_url="stock_thumbs/58879592.png" copyable="Y">
		<tags>cc2</tags>
	</char>
	<char id="61413720" name="Casual Woman" cc_theme_id="cc2" thumbnail_url="stock_thumbs/61413720.png" copyable="Y">
		<tags>cc2</tags>
	</char>
	<char id="9436930" name="Casual Woman" cc_theme_id="cc2" thumbnail_url="stock_thumbs/9436930.png" copyable="Y">
		<tags>cc2</tags>
	</char>
	<char id="61413708" name="Formal Woman" cc_theme_id="cc2" thumbnail_url="stock_thumbs/61413708.png" copyable="Y">
		<tags>cc2</tags>
	</char>
	<char id="58880357" name="Formal Woman" cc_theme_id="cc2" thumbnail_url="stock_thumbs/58880357.png" copyable="Y">
		<tags>cc2</tags>
	</char>
	<char id="5429816" name="Lavish Woman" cc_theme_id="cc2" thumbnail_url="stock_thumbs/5429816.png" copyable="Y">
		<tags>cc2</tags>
	</char>
	<char id="20427645" name="Superhero" cc_theme_id="cc2" thumbnail_url="stock_thumbs/20427645.png" copyable="Y">
		<tags>cc2</tags>
	</char>
	<char id="20433434" name="Superhero" cc_theme_id="cc2" thumbnail_url="stock_thumbs/20433434.png" copyable="Y">
		<tags>cc2</tags>
	</char>
	<char id="6475976" name="Secret Agent" cc_theme_id="cc2" thumbnail_url="stock_thumbs/6475976.png" copyable="Y">
		<tags>cc2</tags>
	</char>
	<char id="5284851" name="Casual Man" cc_theme_id="cc2" thumbnail_url="stock_thumbs/5284851.png" copyable="Y">
		<tags>cc2</tags>
	</char>
	<char id="9312462" name="Basketball Player" cc_theme_id="cc2" thumbnail_url="stock_thumbs/9312462.png" copyable="Y">
		<tags>cc2</tags>
	</char>
	<char id="9312510" name="Basketball Player" cc_theme_id="cc2" thumbnail_url="stock_thumbs/9312510.png" copyable="Y">
		<tags>cc2</tags>
	</char>
	<char id="9312801" name="Basketball Player" cc_theme_id="cc2" thumbnail_url="stock_thumbs/9312801.png" copyable="Y">
		<tags>cc2</tags>
	</char>
	<char id="9437188" name="Businessman" cc_theme_id="cc2" thumbnail_url="stock_thumbs/9437188.png" copyable="Y">
		<tags>cc2</tags>
	</char>
	<char id="9867863" name="Businessman" cc_theme_id="cc2" thumbnail_url="stock_thumbs/9867863.png" copyable="Y">
		<tags>cc2</tags>
	</char>
	<char id="10056615" name="Businessman" cc_theme_id="cc2" thumbnail_url="stock_thumbs/10056615.png" copyable="Y">
		<tags>cc2</tags>
	</char>
</theme>